X1,X2,class
-0.5637726959691075,0.5691943811088973,0.0
-0.6213369357724243,-0.12771912072806443,0.0
-0.21152093932865978,0.27203044098796414,0.0
0.30216559295925416,0.08610743238777736,0.0
0.011077525446459065,-0.09111944680193552,0.0
-0.1336309463232388,0.0008473458733945981,0.0
0.6211228831466147,-0.4597195074697264,0.0
0.17834100250440052,-0.5641403030722677,0.0
-0.335537168568116,0.22156850057588806,0.0
-0.141428610664571,-0.012263545974713649,0.0
-0.7469920096827343,0.023535576854692965,0.0
-0.5513126743963637,-0.11805776552984698,0.0
-0.2612815239956131,-0.527986361009992,0.0
0.28235213234139594,-1.0451163616501276,0.0
0.28237087260468,0.3557545766861684,0.0
0.2826403760157838,-0.3571378654661391,0.0
-0.12186673458257631,-0.4959189053557824,0.0
-0.3124421134501568,-0.1872070665349942,0.0
-0.12792666686692425,-0.502883653958217,0.0
0.2843445884277914,-0.32473402082988956,0.0
0.10581362732679954,0.2262633377095299,0.0
-0.29658779577117084,-0.5882245892816077,0.0
-0.3330917990386688,0.9816874983475187,0.0
0.12909582475408,-0.15085977024462263,0.0
-0.3274850417786327,0.06508088447835955,0.0
-0.08014491840266459,0.21826799803721997,0.0
0.5384393302705042,0.2507281924270896,0.0
0.16577400451192437,0.3799431604551129,0.0
0.5472881048903833,0.3566500470107234,0.0
-0.341023455206817,1.084144824696307,0.0
0.4489071464231672,0.8047368076584722,0.0
-0.834106256848044,0.7720987069862303,0.0
-0.2540619864639146,-0.2724080628894656,0.0
0.2741792309992104,0.13913135472447255,0.0
-0.38933688529242605,0.3273392409385622,0.0
-0.4275955133920529,-0.20475252365072605,0.0
-0.35192521948526334,0.04472819112062771,0.0
0.15522130914832785,-0.744308486096851,0.0
0.25585310527748106,-0.3848115327620766,0.0
-0.1670389500680956,-0.010169485442182886,0.0
0.05540688156023782,-0.3160400550963261,0.0
-0.2976400854477594,0.12429582183804977,0.0
-0.19823498448093071,-0.38746055863690293,0.0
-0.6812051096452952,0.1574842396554661,0.0
-0.15913609127999656,0.13497506144558896,0.0
-0.23529069131540756,0.010376685409652822,0.0
0.3570235448876127,-0.24859724818982937,0.0
-0.1050935313079639,-0.32904732748434523,0.0
-0.04555211990199482,0.18319865659931067,0.0
-0.029043325585070195,-0.22024116942536776,0.0
-0.5460068617137209,-0.1685062730960083,0.0
0.04083189948395628,0.4780224558737918,0.0
0.3500352845904544,-0.3277959819713781,0.0
-0.014211966028722184,-0.38396599348483385,0.0
0.01070317006860385,-0.3688953015699077,0.0
-0.41114022347276236,-0.2338872845043153,0.0
0.4550707282191966,-0.046928422676108805,0.0
-0.030769029554378893,0.3195457744866501,0.0
-0.589246565386259,-0.35863224612074845,0.0
0.028859544956914007,0.2452606713698577,0.0
-0.25573020209788194,0.38791926431359103,0.0
-0.1039374777453554,-0.12497687086255999,0.0
-0.12771623742707036,0.37941369946681675,0.0
0.25191931107831794,0.2552394333927301,0.0
-0.1643949912073511,0.06890229334298473,0.0
-0.07438654832537965,-0.09433225607625095,0.0
0.9555655738237674,0.26744972355458796,0.0
0.6096131212120637,0.1215685915212611,0.0
-0.29941118133562383,-0.043249970592105225,0.0
0.3957659389143403,0.5554589526526869,0.0
0.059436017086108184,0.3060161475613749,0.0
0.3351873049196307,0.7320036455252079,0.0
-0.3758731970998528,0.7923641971783132,0.0
0.00502572776120443,0.03705333790228617,0.0
-0.13008257683553148,0.12614356939346588,0.0
-0.2573332944667852,-0.28614835465251803,0.0
0.26319117909872974,0.22229351541784173,0.0
0.3244212247392185,0.8535104305055446,0.0
-0.04640691418151699,-0.27634328574311645,0.0
0.1731498368197114,-0.21622631508307616,0.0
0.024208536646318085,-0.8481766532658424,0.0
0.030479835134894568,-0.22657837218598276,0.0
0.28446539022284334,0.06010530308032951,0.0
0.09157090220162138,0.43709642291633577,0.0
0.11535073908610616,-0.4206155750280153,0.0
0.41757786219812926,0.8431140611173481,0.0
0.39839718809830105,0.382223173050982,0.0
-0.01636250228561072,0.734792698265516,0.0
0.44178409469325974,-0.17026881060823726,0.0
0.716935678658777,-0.5250850826368926,0.0
0.07268357932348828,-0.30701957673462316,0.0
-0.7291729951338976,0.08615037062466446,0.0
0.28338964842179515,-0.05140495896844203,0.0
0.05587330961251788,-0.08920759275299041,0.0
0.06878570188618104,-0.33605960771733834,0.0
-0.3891396577094644,-0.29956187945739865,0.0
-0.5123581085350226,0.12984392237010164,0.0
0.33413085582757573,-0.7634092336883311,0.0
-0.46700813329640245,0.01633736990640069,0.0
-0.1960976175196925,0.35049226526165517,0.0
0.7933952217975304,0.031155211211149555,0.0
0.025233815582922026,-0.1137762735705171,0.0
0.08228818497277285,0.08513205587131856,0.0
0.299673840369679,-0.2702085913746753,0.0
-0.09425205171843148,0.5966133130673968,0.0
-0.020317977846406488,-0.06603521912580801,0.0
-0.001466333324516244,0.30588219376183123,0.0
0.08475335471108042,0.2818882497268435,0.0
0.30060139076114245,-0.7488734445067459,0.0
-0.0391308083200598,0.19644859293212563,0.0
-0.0815731464405005,-0.07287016466629367,0.0
0.05363863686603886,0.06881494654306743,0.0
0.14150771759865588,-0.11023745350707291,0.0
0.24190590171643278,0.7718685274500126,0.0
0.15381564367770703,-0.42973817753598376,0.0
0.5431189032428233,-0.3219334896666815,0.0
0.38205196756930915,-0.4722211544791082,0.0
-0.44820839759709,0.019305682770262664,0.0
-0.28589814966263666,0.32173841665559516,0.0
-0.28652558183086657,0.14954458384844244,0.0
0.2995480269611999,0.2519173064239619,0.0
0.14160813287969518,-0.014205210111256084,0.0
-0.22494616708739423,-0.713437919726278,0.0
0.22876388486497812,-0.09357761640801118,0.0
0.15273180107696516,-0.2607676468617698,0.0
0.04326570232771263,-0.23571427560248703,0.0
0.9219459013767293,0.29605630347957745,0.0
0.6209408792720752,0.31846231631296096,0.0
-0.23560900492014844,0.18317886479483178,0.0
0.7938359612759547,-0.04731275403760506,0.0
-0.18979614163518166,0.15274593753001253,0.0
0.5810151892685321,0.10774164488943216,0.0
-0.6158883817714292,0.47549880436201397,0.0
0.38099133804364876,0.39525503303732357,0.0
-0.41098753886944517,-0.12265539354784433,0.0
0.24574302736092363,1.2502540595858789,0.0
-0.37050172541209037,0.8031371803112002,0.0
-0.018315032885096994,0.11990016139461462,0.0
0.1387965001493477,0.3496771573322197,0.0
-0.3228153233891254,-0.13680431275168603,0.0
-0.281700818835304,-0.09619301470333694,0.0
0.5284422461880823,0.06105222088181379,0.0
-0.1472340591746605,1.2438541401627838,0.0
0.22235097055425002,-0.2727525221964523,0.0
-0.0005253555601873144,-0.30455297629279,0.0
0.120062101534896,0.20530461363531863,0.0
0.31897416777114945,-0.15192431361895162,0.0
0.5196330295105115,0.2212737703889209,0.0
-0.3294565540696732,0.12481142538237476,0.0
-0.6379542580928933,-0.4440306926664162,0.0
-0.18030604125450977,0.29966552236762606,0.0
0.9183855221616328,-0.4840527904645354,0.0
-0.5535438635360821,0.29577918994777785,0.0
-0.49767319982813085,0.1949309496244595,0.0
-0.7241718671180752,-0.3613232249120431,0.0
-0.12670733802261946,0.36912528324176125,0.0
-0.20161708723278549,-0.3153760738071515,0.0
-0.14598199140325369,-0.16691383007450358,0.0
0.02059114427821246,-0.3562358628908846,0.0
-0.483206237131859,-0.5358804159899663,0.0
0.3558653661821132,0.4536628660970261,0.0
-0.017618756738657426,0.11257318838429564,0.0
-0.219296979674742,-0.057847803347753746,0.0
-1.0384249587116703,0.19026993524660532,0.0
-0.06548447862969202,0.2758092795151738,0.0
-0.17866193183101006,-0.2747680806747614,0.0
0.08983430830595864,-0.4538832906273158,0.0
-0.4506432607509505,-0.07001081246639533,0.0
0.30697769549342924,0.6712838673652856,0.0
0.49242601361270416,-0.11029838865439263,0.0
0.12520525159234414,0.34660828486731976,0.0
-0.30472778220642344,0.6646008514975059,0.0
0.38527115417550406,0.48591375193318137,0.0
0.14708975825180712,0.42891950579037985,0.0
0.18000052027818997,0.20619181231755934,0.0
0.36326272190241654,-0.9696013806342549,0.0
-0.22214194248523947,-0.20076711154080576,0.0
-0.31530655303243876,0.4223008655863454,0.0
-0.3993625982073703,-0.9103226410186649,0.0
-0.3465040217789344,-0.1423553545291337,0.0
-0.25166298096899803,0.47106685055509356,0.0
0.38404232853418346,0.7719501656147658,0.0
0.3038610128371851,-0.16920249136769935,0.0
-0.5218164843587947,0.2158940949371182,0.0
0.14233559898912815,-0.5080253913545154,0.0
-0.25263431516978097,-0.34682791182510747,0.0
-0.3589729531426577,0.14818911735174198,0.0
-0.7083487832618904,-0.6270866943925179,0.0
-0.36317863195456673,0.38257344854497966,0.0
-0.26271835218569306,-0.11534527298108804,0.0
0.0010792185615183438,-0.4541359475386843,0.0
0.13831361026001077,0.39781370183114156,0.0
-0.3956201740159221,0.31001282019403276,0.0
-0.018687765446207278,-0.3003339613825027,0.0
0.10649496273113455,0.11177120981309492,0.0
0.684794805194397,-0.249835791720685,0.0
0.46621433519414474,0.2655431846219813,0.0
-0.13790640570185772,0.21131525811895766,0.0
-0.13128904055896282,0.3668350436743373,0.0
-0.3381161558264974,0.16604022335263233,0.0
0.5881895757185754,-0.008623153449211078,0.0
0.11543252893728313,-0.21703180676271172,0.0
-0.16396356147067367,0.17367937013667267,0.0
0.1574531666735708,-0.36346088746482613,0.0
0.8122414483355199,-0.4570525156091054,0.0
0.6117602697935726,0.08218194157039185,0.0
-0.3235765234711859,-0.24956639031940797,0.0
-0.024459062209161622,0.7424227465794273,0.0
-0.14662417286628737,0.027164234475932844,0.0
-0.11030949146252207,0.20019316006174892,0.0
-0.06832041227904896,0.1067892926159471,0.0
0.5348128576385343,-0.09730156951776658,0.0
-0.11895382840304153,0.6555849258093709,0.0
0.08375791501436952,-0.2371544015355702,0.0
-0.4272390733185126,0.008611071823952826,0.0
-0.7369731679844187,-0.20446640664822874,0.0
0.4012561448179726,0.4314694205281627,0.0
0.5284632768517542,-0.6187622212916961,0.0
-0.566702978686008,0.3454112029888202,0.0
0.27022163404895233,-0.7268108906360787,0.0
-0.24319342446807696,0.34658116073832285,0.0
0.46188677525542743,0.2697128243327735,0.0
-0.23458584870335497,0.0961010618380199,0.0
0.17610655666749186,0.2755887425307769,0.0
0.2630343569732713,0.0800319526209577,0.0
-0.27313252759642936,0.018763962702211274,0.0
0.3813296512449722,-0.8085019280779883,0.0
-0.10750348258802672,0.41375981275666557,0.0
-0.7556891079340047,-0.6344699000977148,0.0
-0.16171518621792183,-0.39864073188418736,0.0
0.6690025518721603,0.4543102440760734,0.0
0.9925833691502615,0.5541019504756826,0.0
1.0044859254259684,-0.4956934305035343,0.0
-0.08105852985167276,-0.2623877376555736,0.0
0.07266909812947266,0.10979702829856137,0.0
0.007222043862512036,0.009119359875748507,0.0
0.18781977074431488,0.19689324393862453,0.0
0.03361778750696381,0.5312065390429196,0.0
0.09061495466053104,-0.0914101722926755,0.0
-0.1364867534697736,0.5248146026997701,0.0
0.6803078022683853,0.14135642237932544,0.0
0.20523285778679676,-0.21856651210943756,0.0
-0.24294604479485346,0.01899177921106776,0.0
0.6544713310486457,-0.21764330798386627,0.0
0.11559575503230163,0.626533365573137,0.0
-0.5351873607803882,-0.01655461584594879,0.0
-0.06747964488700589,0.31915059856846506,0.0
0.3099780347844981,0.07244268304985374,0.0
-0.4745814741914088,-0.6221326946035484,0.0
0.33521943358131345,-0.3631526451044578,0.0
0.6690507233818825,-0.2163199230599501,0.0
-0.859142015057444,-0.539013005383102,0.0
0.13082552155315888,-0.14118467605672871,0.0
-0.1697866851453357,0.44754198885434565,0.0
0.5986117445704142,-0.239700192939763,0.0
-1.0492017137910123,0.846340291569827,0.0
0.24664832142566354,-0.3149948129340615,0.0
-0.15616525982762652,0.16966617792186045,0.0
0.16183376577949815,-0.33960380396272605,0.0
0.068640952794398,0.39312713169724195,0.0
0.1377293997638101,-0.2588376602285726,0.0
0.09078501674835812,-0.461063643700381,0.0
-0.4618403861558676,-0.5072276201508327,0.0
-0.25401931831159535,-0.10993277038554361,0.0
-0.28179717021190437,0.6921262078025361,0.0
0.14311478360135885,-0.3506708642700618,0.0
-0.08687965005785525,0.13261060734086116,0.0
0.4118297948277907,0.15840962452094806,0.0
0.5824556969484412,0.16209258655255435,0.0
0.07797827766013869,-0.32155521202220616,0.0
-0.2950804210239077,0.2603617838132784,0.0
0.3264508933440164,0.7574137870384803,0.0
-0.027699607368753727,-0.06712912490663563,0.0
0.4727776423996928,0.15654857936877248,0.0
0.18857406549299724,-0.4763902778825858,0.0
-0.11134171188625522,-0.41472746557637613,0.0
-0.3153887501207402,-0.026336133724463806,0.0
0.2682277562469813,0.0596645292573502,0.0
0.27679736844411135,0.09707768191461559,0.0
0.1937152450999,0.5453926049704583,0.0
0.6453339688045847,-0.7590842513002011,0.0
-0.12154596113428728,-0.4961609930152376,0.0
-0.39133052602250573,0.35093282594023095,0.0
0.5839709926341174,0.4061621831250082,0.0
-0.7764113421887812,-0.5632104060688622,0.0
0.9778239177026702,-0.5147672693936304,0.0
-0.8577806143394469,0.4094889801183852,0.0
0.2527917783236518,0.01580507467734668,0.0
0.1182471021337886,-0.7958172884845162,0.0
0.12501451699335459,0.18170127406014489,0.0
0.33665629773182515,-0.22326904738721473,0.0
-0.30121651298245156,-0.13609034790584262,0.0
0.012380391803720678,-0.362292301980425,0.0
0.0062785488457715675,-0.8970739816741622,0.0
-0.11065845091079492,0.7698133280061161,0.0
0.04398901707859291,0.8026244507910658,0.0
0.08058058655290179,0.20070231959629173,0.0
-0.3609931099748599,0.31914835452785245,0.0
0.2591416614301524,0.20263716183793692,0.0
0.2609512347033637,-0.34315599130507496,0.0
-0.5276861830291301,0.02022830079822,0.0
-0.1418034832277497,-0.0419044492268417,0.0
-0.09937282175233866,-0.24708265919880668,0.0
0.14542582272265936,-0.005900844721837947,0.0
-0.17113044398880822,0.5994279820554148,0.0
0.560736879493758,0.49633799013219104,0.0
-0.48785027806950804,-0.2895795667022018,0.0
0.20112401110311362,-0.14176897573350414,0.0
-0.5077727436343418,-0.10492954207362844,0.0
0.15973017479183052,0.26739526768232225,0.0
0.5272606216720547,-0.18772211388235985,0.0
0.22489715982552336,-0.2949453333537136,0.0
-0.15749326647262477,-0.25642390964326145,0.0
0.12525999937981716,0.164235236711137,0.0
-0.16495599084297752,-0.8526087782319449,0.0
0.25151033061531775,0.07459773950922986,0.0
0.035133159667348215,-0.30013087992871784,0.0
0.2883463304836376,0.5183675739419297,0.0
-0.38112120863236354,0.5883986318020024,0.0
-0.07818896507870347,-0.1853677596869853,0.0
-0.6896200814152507,0.03596062930909136,0.0
0.3697771469373465,-0.02449851994652583,0.0
0.508958031418484,-0.5798266435453551,0.0
-0.21806778720027334,-0.7482812501171534,0.0
0.3454869166739355,-0.0488366299390697,0.0
-0.058819245289479516,-0.15359117074068296,0.0
-0.6848389108932328,0.8752557279367603,0.0
0.5531988995411703,-0.008984349404570607,0.0
0.19204134541090878,-0.3034851630086184,0.0
-0.2030289138835103,-0.14179089178730897,0.0
0.499961004276463,0.22845950138524118,0.0
0.39576763562202916,-0.08781816240985298,0.0
0.5525151069652029,0.027370623496752913,0.0
-0.22039841572252025,-0.2416149305008839,0.0
-0.361263614798752,-0.4389112249676127,0.0
0.011577799360449358,0.8416309466517222,0.0
0.328419182443166,0.8391203123086767,0.0
0.47666213834874277,-0.050946153646534424,0.0
0.28756196861715927,-0.0666238309107634,0.0
0.027420946693803034,0.3644247881998485,0.0
0.16406778032325853,0.28314377559389436,0.0
-0.018043452408907475,0.13549149317451295,0.0
0.03203989821530028,-0.5357644483061231,0.0
0.27764131507150575,0.2714518694839426,0.0
0.4836543233949251,0.21591419060811234,0.0
-0.3382000964122662,1.0571690738822848,0.0
0.2802400742262127,0.30619598010140847,0.0
0.41188228919611974,0.8357014071298379,0.0
0.13247927520459343,-0.030147159242527907,0.0
0.3518134019562398,0.11962749513418065,0.0
0.41903142915708874,0.4183753022510661,0.0
0.008797858656005034,0.4432640269449222,0.0
0.3042989049526907,0.5524962592101405,0.0
0.6566208756115219,-0.5755911337896972,0.0
0.12236877897671367,0.5758218395644196,0.0
-0.3040677245488836,-0.028102828064289306,0.0
-0.13349790826542712,-0.05820334406900329,0.0
0.643327526076222,-0.08768369506709253,0.0
0.13648222332724266,0.8423134905375692,0.0
-0.3468900965098351,0.12932640125394623,0.0
-0.09533414618693042,0.7728712678325387,0.0
-0.7817959088751371,-0.14535208546964817,0.0
-0.0924094265513145,-0.13557171289673514,0.0
-0.4641865275700379,0.09475107817718478,0.0
0.5131732987498093,0.10813517029574876,0.0
0.19534432514228922,0.23473544084599635,0.0
-0.046913226832949406,-0.4175708555174876,0.0
-0.13985640791369677,0.010853950132981212,0.0
-0.693911323017574,0.10866431374960979,0.0
0.3048952136782963,0.7345722923914039,0.0
0.09054529090068279,-0.8314471574808702,0.0
0.8684172276837414,-0.02022185146310905,0.0
0.11502432427331613,-0.4686164465114371,0.0
-0.23237405135789602,0.42509458666612265,0.0
-0.05161274633959911,0.015261671691900305,0.0
0.1009223506207533,-0.44436996231168946,0.0
0.018624756237105435,-0.6719315435582871,0.0
0.3452259442362498,-0.4206511437860849,0.0
0.4190845819773754,-0.2642923264354548,0.0
-0.4199994739434689,0.10184667228457825,0.0
-0.06613179060691168,0.047645593039336506,0.0
0.5095216194248265,0.02465621115824508,0.0
-0.04559188458404431,0.37797797252979154,0.0
-0.6344545213171822,-0.18895235021750545,0.0
-0.4395771243438322,-0.44376788474929757,0.0
-0.24878052451435095,-0.445691844819235,0.0
0.017788769298264454,-0.26114202590895985,0.0
0.213698701700324,-0.32280365183715776,0.0
0.32560277442002117,-0.01989692234727987,0.0
-0.08006874024827053,-0.19252409574290966,0.0
0.12744640617144468,0.5588154916566138,0.0
0.06243101271142875,0.1654454263268234,0.0
-0.31402971392363577,0.2960355445887261,0.0
-0.3524188368806278,0.11803198391449597,0.0
-0.5746295747088475,0.0842868210022621,0.0
-0.41840418918562305,0.1574691064403747,0.0
-0.1274739718312057,-0.28906487746974907,0.0
0.01275198942761262,0.5372729830115766,0.0
-0.051179576847853014,-0.14772424796378467,0.0
0.5817373905562532,0.2817233192672394,0.0
-0.9336186982525909,0.11088203669151536,0.0
0.11577202268119013,-0.1205968975786186,0.0
0.1371877521227897,-0.09755039109124575,0.0
-0.035794434906452594,0.20078612734583304,0.0
-0.1917296014301989,-0.11960651718643217,0.0
-0.4221151614606627,0.17337418909770533,0.0
-0.01669820530425292,-0.7977342573620525,0.0
-0.02585501192950093,-0.4819822605767165,0.0
-0.2681272445507525,0.2209338279448979,0.0
-0.18800592535911467,0.13982670865106625,0.0
0.008342694701786182,0.2397359620145484,0.0
0.38874673361650064,-0.2847614069169414,0.0
-0.13825922271172883,0.52526784820403,0.0
0.22100972526319906,-0.4612373047216724,0.0
0.01746880456293828,-0.9475571725116115,0.0
0.1839718158738771,-0.2562214102832845,0.0
-0.0729966014971119,-0.316123323575223,0.0
-0.13634304563001803,0.1489637989180744,0.0
0.6278192258331389,0.5710927084270543,0.0
0.3032998620060641,0.09520909138953255,0.0
0.2431448744837919,-0.4320385932630364,0.0
0.3376335180371565,0.4705386327178491,0.0
1.0311600489668666,-0.4254197860782089,0.0
-0.3273455267616214,0.2686597639823663,0.0
-0.9004852261159381,-0.45044007439673606,0.0
-0.5568216309972348,0.46156889624489017,0.0
-0.05953967458947712,0.4968023928389094,0.0
0.11962821183775058,0.43061625753844884,0.0
0.07029552756344735,-0.3106345422498653,0.0
-0.04869136346672809,0.9463074515360156,0.0
0.16218136462807642,0.11563677639201414,0.0
-0.03681188199019741,-0.5645622333852595,0.0
-0.24622424655552005,0.1541142145610807,0.0
-0.6418592453553416,0.047485942534360503,0.0
-0.21749615618220344,0.2701821374650019,0.0
-0.3031402398015633,0.40639913604929956,0.0
-0.23734255799059528,-0.0681154049318002,0.0
0.23403371180068985,-0.06971926110083494,0.0
-0.6006343002960794,-0.14757004380723646,0.0
-0.09633081164193602,-0.34359490827957834,0.0
0.48982974205046975,-0.512443310057617,0.0
0.8110958055270079,-0.5461269284694656,0.0
-0.35719072430351434,0.7740175749231679,0.0
0.29973353487312915,-0.435904170104661,0.0
0.30584451867528806,-0.4757773883391445,0.0
0.26670064537177995,0.013140540824023128,0.0
-0.3817369243075897,0.6365856456388664,0.0
-0.033529182704430886,-0.1589888243064942,0.0
0.17021223655914333,-0.39228974300023434,0.0
0.09223219996529414,0.13142555731541744,0.0
-0.7262230769728344,-0.3640495382780568,0.0
-0.07553853915029698,0.0844508321313619,0.0
0.23228686298600537,0.010766067762350697,0.0
0.17898948948659066,-0.2226803930273482,0.0
-0.829992194468019,-0.4011020868067668,0.0
0.20873941684380917,-0.7877051496207357,0.0
-0.14134183073012674,0.6212176840444515,0.0
0.40302601820618494,-0.3950172971000917,0.0
-0.27192181205012605,-0.3491493726474951,0.0
0.23242932824824258,1.1055376319398265,0.0
-0.2694619663537564,0.47272739362991356,0.0
-0.05471793330453896,0.007315676539687723,0.0
-0.3064159534091316,0.0399528306010509,0.0
0.011824780775046943,0.049536806575295085,0.0
-0.1983332020852651,-0.1653116289675485,0.0
0.5583569308036901,-0.33798856872081146,0.0
-0.030104514894890307,-0.11882323270295046,0.0
0.3116858260856967,-0.04112571787400561,0.0
0.03193692520345161,-0.15998583227860902,0.0
0.27422463419165766,-0.06297759388470013,0.0
0.849035983841385,0.008122208292353727,0.0
0.11879322321429574,-0.0006720399306992716,0.0
-0.09011895425534269,-0.26497374061554885,0.0
1.0190766809830867,-0.015564929611645307,0.0
-0.2662058368628204,-0.08227202835266459,0.0
-0.5485042855822098,0.10118339835333219,0.0
-0.4603812262503857,0.16762392986958632,0.0
0.02716494295230289,-0.014793125950367778,0.0
-0.14726984766388637,0.008047403295009673,0.0
0.3646857968284005,0.47632972703277465,0.0
-0.042769706888106794,0.23439457436194486,0.0
-0.3380322935189737,-0.11257556319320122,0.0
-0.19146941967996145,-0.16757014489113098,0.0
0.705647787880944,0.4790584536048164,0.0
-0.6941395497881571,0.48415348196180574,0.0
0.41627958110671515,-0.15582728227143486,0.0
0.2634001160855537,0.15306509049088973,0.0
-0.6976774037955045,0.022087607270408444,0.0
0.2902856612487821,0.36679051322769407,0.0
0.13459560844087684,0.42284217377691125,0.0
0.3726183011092983,0.13101293247295762,0.0
-0.4055207149584555,0.5494614633477175,0.0
-0.5673919384438765,-0.05590133608436844,0.0
0.00023493521464808777,-0.1856126927271887,0.0
0.2722624017525826,-0.7273995961566457,0.0
0.22812396020194758,0.15667426828966524,0.0
0.08043725185067785,0.1544707008456104,0.0
0.17338935735546565,-0.02002367588553476,0.0
-0.09914286037380816,-0.24707360179947455,0.0
-0.2731535985797336,0.17450304173636674,0.0
0.4794714889870669,-1.0378617078647532,0.0
-0.25438847138436854,-0.2769220936831143,0.0
-0.20611409844257944,0.41282335214673793,0.0
0.10468993587196194,-0.09710850844014493,0.0
0.692845274044843,-0.3744038951315969,0.0
0.5221949254880406,0.5128413159133506,0.0
0.10491464758926794,0.08762808387215415,0.0
0.19845717049903788,0.31863794666598094,0.0
-0.8321289040902156,-0.015252030580411254,0.0
0.27724740860150626,-0.09814419874006589,0.0
-0.48157433640499825,-0.4307410835761074,0.0
0.561475222769368,-0.5917698727782916,0.0
0.009344420678614783,0.43320792320979545,0.0
0.830074162692713,-0.5957638805324041,0.0
0.28102488960064015,-0.34013850866204604,0.0
0.5724735009018256,0.23710337862026754,0.0
-0.38464089635249443,0.4982439748591385,0.0
0.02151067525268174,-0.08773501547477708,0.0
-0.7253108529621313,-0.07916430388633361,0.0
0.08268161805918955,-0.2785974488133373,0.0
-0.5950642431697405,0.6066873307647822,0.0
-0.42174888084823625,0.10591117347840662,0.0
0.3060169824397996,0.2688697502722599,0.0
-0.4442611321674672,-0.17369779866041757,0.0
0.28660316481385656,0.24622652925689914,0.0
0.9350393928780225,-0.3126869750704121,0.0
-0.20310907306197457,-0.00979794290579905,0.0
-0.2598376594504141,-0.43193716286881945,0.0
-0.2453589608619683,-0.28470545252491963,0.0
0.10772255110154322,-0.739502575823916,0.0
-0.3752610456372417,-0.49562862503791705,0.0
-0.5062402150404843,0.7151918529822999,0.0
-0.42405147790958664,0.16047922892276212,0.0
-0.1721240375506582,0.0373280684434091,0.0
0.4359762992859193,0.8278493285824093,0.0
-0.04282933373301537,-0.09684267402588764,0.0
0.0627993505786756,-0.22858214043191571,0.0
0.009401834354157881,0.22151079114534641,0.0
0.4130892862943443,-0.6959215190090238,0.0
-0.35794700908902755,0.1226519944472277,0.0
-0.0057115154510249235,-0.09868832272755372,0.0
-0.1551544927868704,-0.034842787985599595,0.0
-0.4114204560436838,-0.16983869747418154,0.0
-0.2503554825864408,-0.5001083273874907,0.0
1.0607996472536845,-0.05449214814253404,0.0
-0.006114450445960873,-0.6276054531841005,0.0
-0.29241333703408245,-0.4091094818780572,0.0
0.14579356169833085,-0.6059386628861733,0.0
-0.4403187920296784,0.6259401391763695,0.0
-0.3241595295053106,-0.2841656411342299,0.0
-0.3285927899907676,-0.2671974553106235,0.0
0.2597994756122237,0.2481741902207133,0.0
-0.07324341607159948,0.4235876750284602,0.0
0.049507016113728014,-0.2617267596892337,0.0
-0.06445476329762355,0.3556629976291495,0.0
0.9458790197394781,-0.7445696057368534,0.0
-0.35468774099415123,0.13367917235960355,0.0
0.014456774673629087,-0.8299910402760118,0.0
0.1414734404999256,-0.16332430484422159,0.0
-0.8478387929277655,-0.878768695995397,0.0
0.32956927387087465,-0.2539971783224727,0.0
-0.49906116922049315,0.09978208606097977,0.0
-0.6240595555540932,0.6229590602596091,0.0
-0.713110277430187,0.808397690140264,0.0
0.09538367520540184,0.7195493202712919,0.0
0.3364600239130078,0.03696355226745152,0.0
0.4533516392193619,0.40917367621958634,0.0
-0.15127810506933861,-0.022187506751777192,0.0
-0.25647090138615425,0.6155095764640022,0.0
-0.01690733533272985,-0.15650808033498043,0.0
-0.053469684128711684,-0.43096132988378444,0.0
-0.6080248799403773,0.21792435551270029,0.0
0.48361009027787943,0.08556921336814644,0.0
-0.4960108228331853,-0.31060361043021767,0.0
0.5651447942418052,0.5286869551665094,0.0
0.14480727826817816,0.22903687641729822,0.0
-0.11563831506285921,0.2707910450663024,0.0
0.23423972437194307,0.14112022404336264,0.0
0.5865405503426686,0.14144887301470513,0.0
-0.19512582901493022,0.08844954690754045,0.0
-0.37169201007202435,0.07636612820407641,0.0
0.18365508129052277,0.2624952825218807,0.0
0.6829655011155751,-0.24439079478090517,0.0
-0.07410343081840463,-0.7589682991570447,0.0
-0.5040765321740924,0.6321140719701651,0.0
-0.8387945106862715,0.009476038942557094,0.0
-0.5607893126003376,-0.04036727997956556,0.0
-0.043879783350902264,-0.14333507613572796,0.0
0.4997409385447147,0.09680259826927924,0.0
0.3051682722916842,0.20604815230160797,0.0
-0.9590015904555265,0.6164119933111755,0.0
0.03964480677963612,-0.1452359625749033,0.0
-0.18960835605027404,-0.022678286596371815,0.0
0.7076402281250245,0.10728019518550831,0.0
-0.887352245156778,-0.38700230009738235,0.0
-0.32848001989395953,-0.8487566738335691,0.0
0.09911687989941867,-0.3588627137758795,0.0
-0.20541963790646262,-0.429568423969493,0.0
-0.39905584436497793,-0.35742341848534015,0.0
-0.6354556201798145,-0.4946638450332226,0.0
-0.4342093854271767,0.14528390440118755,0.0
-0.17453604213363205,-0.5540889886056647,0.0
0.17932247103377252,0.14169095049645553,0.0
-0.5487351492466775,-0.10656715705687854,0.0
-0.2735159289724031,0.42288133248565174,0.0
0.14083155656175136,0.26639273612424147,0.0
-0.3626950310152951,0.17293066025075557,0.0
0.4365039436887008,-0.19560882330948381,0.0
-0.21695279666002776,0.031449632280960205,0.0
-0.242546931378125,0.2778821368467454,0.0
-0.006335264269951187,-0.15512589637450716,0.0
0.563588810553457,0.8473333841407169,0.0
0.2806669863230481,0.25128714919181777,0.0
-0.16580193741287583,-0.5703178933752086,0.0
0.1833366482759715,0.22718476156368517,0.0
0.07668012041941334,0.011606621289361001,0.0
0.48444651523975246,-0.07044853243409897,0.0
0.009840067106383337,0.18165306227697275,0.0
-0.11426484405302269,0.09998849443404738,0.0
0.1620485126563479,0.17236694365150193,0.0
0.4799143626957026,-0.16637372322941613,0.0
0.04812471340605292,0.48103518581635873,0.0
0.13733896260603626,0.026937547827133153,0.0
-0.11246832092881774,0.4389510276543218,0.0
0.6290970983023217,-0.041860629939106386,0.0
0.061322717300193896,-0.3926501014221018,0.0
0.736604188188624,-0.18331249389791482,0.0
-0.6719165939659746,0.32496920027300186,0.0
0.383275191675284,-0.19716066690159006,0.0
0.05137791436410151,-0.1051154223612783,0.0
-0.1440626283476112,-0.18329615573499713,0.0
-0.5300871170878511,0.5107330298313916,0.0
-0.11118375431264356,-0.020866116651936144,0.0
-0.5143241734341738,-0.2552840230213233,0.0
-0.07297679375957544,0.0069866700539240436,0.0
-0.29096575270930475,-0.0983501361542317,0.0
0.8494767554374212,0.04890937370353155,0.0
0.47072498004197155,-0.20973444105298242,0.0
-0.06283965473866068,-0.2961876091122872,0.0
-0.41117034870568825,-0.7483137702362517,0.0
0.8158744148635677,-0.263502833575969,0.0
-0.3622110561774683,0.6704741702305846,0.0
-0.010139560825107514,-0.11502097971364322,0.0
0.1130735144542346,-0.3168610250709508,0.0
0.37294117290739254,0.6972209711523394,0.0
0.17466921775528613,-0.16745861268468465,0.0
0.002108730979860454,-0.04839197970193135,0.0
0.08340509803708157,0.17175446226827207,0.0
0.07738569352794897,-0.19869797514596363,0.0
-0.6300717450483025,-0.06399346246998038,0.0
-0.6877266671710197,-0.01182436110123387,0.0
0.28169129018486977,0.20940318715752376,0.0
0.2848203796899562,-0.23173466288627692,0.0
0.2147135299611001,-0.2975321471744805,0.0
0.21081858038198567,0.28444495974592915,0.0
0.7050273630526775,-0.0342692065896936,0.0
-0.32800784464386246,-0.39432172179787617,0.0
0.37697512161193364,0.2533743344499595,0.0
-0.4420766365919144,-0.4223785354099742,0.0
0.6270056573854866,-0.24969185311634937,0.0
0.11440677733720502,0.8415531606516456,0.0
0.48415952813499064,0.6921700316553707,0.0
0.5575052705287163,0.024486608147099985,0.0
0.09311910990322451,-0.1854017363612105,0.0
-0.5204327032667705,0.6388002376298274,0.0
-0.2240371783508285,0.06598182281334558,0.0
0.40062225169812643,-0.038968596159079535,0.0
-0.0642559318086057,0.43086808373005553,0.0
0.2875223044568888,-0.3454684528209466,0.0
-0.03592178222433247,-0.3346197303185494,0.0
0.692652078022883,-0.28220793795846694,0.0
-0.17400355698130504,-0.22891742371023693,0.0
-0.09065291747073438,-0.3695322880707692,0.0
-0.09164744244039574,0.0655681621480257,0.0
0.2014367036444812,0.11411827391274283,0.0
0.18575693002035842,-1.4254066642498942,0.0
0.33666988519845664,0.9563842061852132,0.0
-0.1810230665272833,0.15752005084633125,0.0
-0.1602576808239905,-0.4548246152836498,0.0
0.2617479601080645,0.8381378110872486,0.0
-0.6421126078203979,0.5951770425865204,0.0
0.07541225143905599,0.39558551323479274,0.0
-0.2492829516426562,0.39108737260312576,0.0
-0.07634316402157756,-0.6338634993444932,0.0
-0.06723810310182915,-0.2959684745118734,0.0
0.4155821902815571,0.39250873921143564,0.0
0.13630107405190567,-0.07922998384942732,0.0
0.17940389700496273,-0.023812785881760206,0.0
-0.20050725310066678,-0.27925159158754204,0.0
0.4350854946096565,0.17552050521375628,0.0
0.034936846221183315,0.35058777408133435,0.0
0.0577633856087808,0.46401820885355644,0.0
0.6515423272251055,-0.15097501783908424,0.0
-0.26828533132634974,0.10388698947158724,0.0
-0.06550621587140651,0.20269731609204322,0.0
0.7635118632364746,0.06236930458125067,0.0
-0.43537682946947964,-0.871567824915244,0.0
-0.08440133912494296,-0.14313481315746965,0.0
0.7872091513512054,0.8285361597678,0.0
0.5624704557977072,-0.4998787091177412,0.0
0.2683303837276874,0.025353370636625513,0.0
-0.020215875819508962,-0.14560398252284354,0.0
0.10845262499510051,-0.09617567551374043,0.0
-0.39922226350861567,0.07646796512928189,0.0
0.6522635482631024,0.891602108295686,0.0
-0.08176231123552548,-0.843936010261388,0.0
-0.5628338182972902,0.0507124745307887,0.0
-0.294689557521372,0.2823671945679605,0.0
-0.12808155289635165,-0.3664795445066164,0.0
0.10346818578241544,0.5950973327845829,0.0
-0.3126833794991639,-0.14749477630843427,0.0
0.3573474830726764,0.5154218953815924,0.0
0.009423044157021426,-0.26409180081771194,0.0
-0.7680225395583059,-0.07421362898814352,0.0
-0.39367049031440415,0.17704077719720848,0.0
-1.5523593645346434,0.3897881516966459,0.0
-0.26145189279509967,0.31134112810930376,0.0
0.6797835722486516,0.5131348898746794,0.0
0.5168472894810575,0.9672562316735669,0.0
0.0015039391181983696,-0.5075977024293568,0.0
-0.07124277934758017,-0.1591515354646925,0.0
0.30308389167246585,-0.25464200510228546,0.0
0.11881937166298225,0.3487460870006507,0.0
-0.06777064652821117,-1.0123431909509362,0.0
-0.27365133150663384,0.2399848343927972,0.0
0.1653621105697985,0.28703077303531316,0.0
0.7489678104039834,-0.17258949593167272,0.0
-0.16229996193890336,0.1540345446510448,0.0
-0.08791739829780658,0.08009918432276991,0.0
0.6286643988660998,0.3535822296562433,0.0
0.09946898019769068,0.16309372079881915,0.0
-0.28520958265189766,-0.8904470483910348,0.0
0.7187047908061954,-0.2737174632331583,0.0
-0.22892094029806348,0.44223478511886455,0.0
-0.5848900247700936,0.7403240675888809,0.0
0.06938322893907443,0.042668561890282,0.0
-0.1961934365914726,-0.14977464007711225,0.0
-0.700049096249563,0.22053686192242636,0.0
-0.13939238732991452,0.12054017753205755,0.0
-0.05770509821674178,0.07723915506427491,0.0
-0.32141348718272333,-0.12985954272826614,0.0
0.118252261992358,0.8319376947334807,0.0
-0.028523683852439724,-0.5277356346603413,0.0
-0.020019876963933522,0.2975811384659575,0.0
0.30694749430096463,0.3939679367639588,0.0
-8.835932063974773e-05,0.42004547751168864,0.0
-0.6968550522379862,-0.03777392309657766,0.0
-0.38060837649262247,-0.050852182430306626,0.0
-0.11597788150787497,-0.23461529934418746,0.0
-0.07535915023816515,-0.036841097677321084,0.0
-0.3022715087407908,-0.2513855043455486,0.0
-0.3839621833367042,-0.32297221525103004,0.0
0.4971512646950304,-0.30222291082708325,0.0
0.44985821538812054,-0.7483376378962905,0.0
-0.6328831993724251,-0.6480760859352663,0.0
0.26790399648828583,-0.22963216750584464,0.0
0.6879828211856397,-0.4309998200467748,0.0
-0.20985093837138807,0.0287512157481475,0.0
-0.5380066648528434,-0.34424328467613785,0.0
-0.6370884541863485,-0.9766682960971329,0.0
0.4357080488703898,0.4045550442280022,0.0
0.07594904885245599,0.327640776441855,0.0
0.5430786953761871,-0.06624466086440313,0.0
0.44174062794412505,-0.17261980620641793,0.0
0.399836765998129,0.3114875065956926,0.0
-0.060316896223762885,-0.4557364668533181,0.0
1.0102116850048788,0.23122904889792226,0.0
-0.11134698463720345,0.014714503452284184,0.0
0.886855387981322,0.35945779788301235,0.0
-0.48946733291471295,-0.13409145927333585,0.0
0.19822780543294208,0.5305921450167549,0.0
-0.7915981949191848,0.6041020004563422,0.0
-0.6094843145237198,0.06194814613922875,0.0
-0.47820949666678836,-0.23674518925889962,0.0
-0.2463220711588326,-0.36424127902714304,0.0
0.20486821107351602,-0.4568081025365429,0.0
0.17029624423431844,-0.05201897287663805,0.0
0.2855363084780173,0.05334838487764879,0.0
0.012672820970531549,0.2707258808836437,0.0
-0.12854110798245105,-0.21538348607394547,0.0
-0.29427711405970064,-0.3853855131082289,0.0
0.29632552020070485,-0.3207620191040079,0.0
-0.08701819219619046,1.0551164842815455,0.0
-0.021980771259120513,-0.3035356495046524,0.0
-0.3896945335069262,-0.02813795084164097,0.0
-0.21394290548810566,-0.008639138658660192,0.0
0.628558393665717,-0.5623628289552791,0.0
0.1164821438972254,0.226613478541429,0.0
-0.46216331182622605,-0.34484555628054697,0.0
0.10833433953072161,0.5567944773785629,0.0
-0.2104335923165385,0.020950372400088128,0.0
0.030052498211672076,0.3983291500868138,0.0
0.19400445946937006,-0.0683574865411908,0.0
0.1089110722599383,0.1223292319211164,0.0
0.27239840309070823,-0.2814870442373631,0.0
-0.06871092999106493,0.38107798451065455,0.0
0.016461705666838345,-0.3235051148100323,0.0
-0.19010084525674936,-0.044118373423553646,0.0
-0.636997261197604,0.11694661526113648,0.0
0.4262006007819286,-0.09137344524108104,0.0
0.3350264849800549,0.2056578853556987,0.0
0.15755690516507015,-0.3800102139185133,0.0
0.42161803647572543,-0.3923507506915933,0.0
-0.40102506828426593,0.4829392812982694,0.0
0.11659817180081888,-0.08966360652669998,0.0
0.02479538020871103,-0.411006269287147,0.0
0.3364035179725564,-0.5783240308177225,0.0
0.4714020246901589,-0.14411917702192792,0.0
0.14527093901778093,0.7574719302207371,0.0
-0.031235919634950284,-0.2109248962479039,0.0
0.2321226849071108,-0.4428168857716666,0.0
-0.21765694516510511,-0.15675460785001616,0.0
0.7455204248530017,-0.6849095697885024,0.0
0.14639468044119006,-0.28097264090758817,0.0
-0.5579622875847366,0.4714479551286947,0.0
-0.14119974130790752,0.050953757280278095,0.0
0.04149973598838651,0.046172890273862316,0.0
0.12080429881372506,-0.195864656096761,0.0
-0.8769174305942633,-0.04464049507966643,0.0
0.154501475675621,0.32911014950614936,0.0
-0.21110667611386386,-0.18535719626186936,0.0
-0.4616335761530412,-0.5520693580287354,0.0
0.08372403354019314,0.19212328817699628,0.0
-0.2669325129125505,0.13676547508380704,0.0
0.26866646550601314,0.057341823271894556,0.0
-0.34386731999269626,0.09039419469350216,0.0
-0.21587921588342668,-0.1185345134799293,0.0
0.3062661432651244,-0.8802257742976476,0.0
-0.849448099637172,-0.133400976173299,0.0
-0.6044875237649358,-0.5751392297268897,0.0
0.12386559435798149,-0.1795394721408112,0.0
-0.3939920934497959,-0.4144709598845302,0.0
0.7643037709108732,0.31518587325504577,0.0
-0.06461357628028087,0.7270906418489914,0.0
0.07095468775383962,0.3934050917372658,0.0
-0.517063520524418,0.1412225791564219,0.0
0.42764446008316964,-0.43603028544036165,0.0
0.20117020706825284,-0.25255951135140775,0.0
1.0203136427927366,0.0659430487894052,0.0
-0.051051506702366224,0.22907640999789242,0.0
0.13365039480789284,0.19008782783887612,0.0
-0.3065259426716103,0.8142812240850072,0.0
0.0681187581305152,-0.7006823791168099,0.0
-0.2882354933460047,0.3548651761230954,0.0
-0.3141740847052788,0.18482389486481948,0.0
0.3059236561466862,0.0026481741216043716,0.0
-0.23733139020969102,0.4834474888685735,0.0
0.2803139182903552,0.35245620921288606,0.0
-0.39846896271254006,-0.5756125681806027,0.0
-0.04481957721114821,-0.11873530796394145,0.0
0.16448160828288957,0.3563059824692469,0.0
-0.11171491012293121,0.34354017143962007,0.0
-0.25158038992121873,0.10740592908202429,0.0
0.4135202930221997,-0.9601814535249183,0.0
0.10991153482086712,0.09493990580377006,0.0
0.24351157065861584,-0.6680334261772547,0.0
-0.42999010639547736,0.5793076500735911,0.0
0.13300264886489965,0.21157776354241867,0.0
0.28036309236624185,0.3936752282889662,0.0
-0.05949673973314504,-0.018148164783716787,0.0
0.028253753467418315,-0.18981484420988987,0.0
0.07348464757353625,-0.12009084079628177,0.0
0.4164266853246786,0.04777748851038389,0.0
0.6845703988046306,0.5741548345010486,0.0
-0.3664441144035521,0.15803322343995077,0.0
-0.32928331936797206,-0.06619224213808288,0.0
0.21538573529601265,0.18878614562818288,0.0
0.22629532242503805,0.618263521850223,0.0
0.7401591206439604,-0.13334017069976023,0.0
-0.15348289500258103,0.3315805605668832,0.0
-0.04595754569761825,0.5063899671884647,0.0
0.4230532732818457,-0.3165955237911542,0.0
-0.08568336339957117,-0.28987293322725355,0.0
-0.02878663067602552,0.5596205295821836,0.0
0.5832042630695956,-0.06427946527971803,0.0
-0.08485832159438343,-0.4774256729097379,0.0
0.049885181507286346,-0.12911792224331828,0.0
0.46001428988792725,0.39677840893707117,0.0
0.9914722860436129,-0.3406981637702235,0.0
-0.16576282494895986,0.34132369618067326,0.0
0.06582286514243849,0.6637867340098387,0.0
-0.3336493208579882,0.3540298585933549,0.0
0.04846872213261636,0.11959357421681865,0.0
0.5999032894310347,-0.14499629972059533,0.0
0.0029058572366705317,0.7320048864861467,0.0
0.2389483673035822,-0.6445606671578732,0.0
-0.10658541190601972,0.8613764612737196,0.0
-0.02632430185451501,-0.7375460834798142,0.0
0.0658118171729594,-0.17203827635059504,0.0
-0.1543401407883369,0.22306646561917187,0.0
-0.2602049836525837,0.3589256107688267,0.0
0.4085422635960223,0.6838624379919493,0.0
-0.19520460921698235,0.2549480527076635,0.0
-0.14404041874540993,0.5980668533337482,0.0
-0.1391052720835992,-0.2587826518433034,0.0
0.2460541833415804,-0.04855784440551806,0.0
0.01463201682929127,0.0640897057566559,0.0
0.34599932340998274,-0.08194453283258485,0.0
-0.010117400940959753,-0.07130647925247771,0.0
0.31165114917475234,0.5881119807210452,0.0
-0.22358977583123482,-0.0733283833685743,0.0
-0.3412675742716491,0.4481752386209391,0.0
0.37511486257108756,0.3356963012803663,0.0
0.8814058225178117,-0.11953138292735366,0.0
-0.3362597375923635,0.004274313004400767,0.0
0.3522560594585731,-0.589026620773132,0.0
-0.031503703814831904,-0.0630323695116082,0.0
0.302275537139476,0.004112582862131009,0.0
-0.19430109771312334,0.1550697823110394,0.0
0.3679445306368099,0.42649106849663715,0.0
0.19138131781188017,0.011832388390094793,0.0
-0.8078608586648717,-0.3649187504567555,0.0
0.07003654436419031,-0.4964551866902066,0.0
-0.09707517345441158,0.44277993840341595,0.0
0.12318754208641369,-0.0833995052423519,0.0
0.25250799594913204,-0.034857171053391416,0.0
-0.1425636828953008,-0.7450274613736784,0.0
-0.12314669836675812,-0.38475381425592897,0.0
-0.02553723336895299,-0.37284074404699363,0.0
0.018828654130284436,0.15793768373088174,0.0
0.29747484791702145,0.24668504786822046,0.0
0.5956665705176981,0.08851863001384842,0.0
0.5538320643356296,-0.11457016557430229,0.0
-0.07335732215082395,0.6857292949453421,0.0
-0.584863238930298,0.40881967001975844,0.0
-0.5297698874552709,0.08820899919487775,0.0
0.09582239800155877,0.06049065171777993,0.0
-0.4361732720920622,-0.6033157038766734,0.0
-0.38545266135563727,0.2792800828076845,0.0
0.16538038553006637,0.08178078693946172,0.0
-0.011435719840068612,-0.20225125474212266,0.0
0.5730827873704389,-0.12506075843668515,0.0
0.0773685505881433,0.2213755643826968,0.0
0.3438353654869666,-0.25460940176693964,0.0
0.05255814689036603,0.17377487404089298,0.0
0.3501902017097298,-0.6842861296118117,0.0
-0.42854746858203585,-0.019384201020953305,0.0
-0.1278245599360926,-0.2479972350884809,0.0
0.16606401528421388,0.7007869215708012,0.0
-0.2445126699183049,0.04081404491693251,0.0
-0.41265554748478217,0.43653878100613164,0.0
0.16952587361530141,-0.38227340623625444,0.0
-0.22227705753302007,0.2599261333579685,0.0
0.8217158120011249,-1.0127533253560121,0.0
0.26444017736651587,-0.7218532270274314,0.0
0.02617541573412263,-0.1685883333244287,0.0
0.17262725058960313,0.6455140388702937,0.0
-0.049178997875974684,0.400087586681826,0.0
-0.1994426266175358,0.2734411290388847,0.0
0.20002783401129043,0.7804412946160244,0.0
-0.13727361357221496,0.1948840538431381,0.0
-0.17879619272455793,-0.4467913543743081,0.0
-0.32375102279417317,-0.2530743685711742,0.0
-0.0701570964363159,-0.17337050273686322,0.0
0.5009614701847246,0.26815765061618835,0.0
-0.38175485572022927,0.02073463911429095,0.0
-0.30234487024916357,-0.35244469305917425,0.0
0.4505543288549092,0.09884468646309452,0.0
-0.1533458320603312,-0.3127264352292444,0.0
-0.35451325948960366,0.17169457084365136,0.0
0.32663757061913673,-0.03277882073066614,0.0
0.24569064469838797,-0.09542670418657981,0.0
-0.22251202448770893,0.1088655862953762,0.0
-0.3587616682790049,-0.6897572315967333,0.0
-0.2653429766662689,-0.09255682419683467,0.0
-0.22555609616450215,-0.6088718227292683,0.0
-0.04988147190793985,0.38161266685405915,0.0
-0.6123568433546457,0.3207552856865936,0.0
-0.3795473188086719,-0.18746067655166243,0.0
0.2094184072255196,0.3286069235995689,0.0
0.2070125317655958,0.2991347361227031,0.0
-0.14590177697462595,0.06205787149758068,0.0
-0.29992200139170294,-0.10709320172821615,0.0
-0.2766513868988382,-0.21965070300902612,0.0
0.749834250309414,0.63717851473768,0.0
-0.11299606540100882,0.6349076936440465,0.0
0.1379431622953098,-0.501869532171301,0.0
0.6446889169823592,0.22669217672529207,0.0
-0.7558017457894705,-0.6887405591245244,0.0
-0.26984598391931636,0.5283491091934517,0.0
-0.9908155689693354,1.3758599295473448,1.0
-0.8108923549305735,1.3239281342784615,1.0
1.4855477226306408,1.565968405080666,1.0
-0.9556028643102065,-1.4603619125437166,1.0
-1.0313664734892483,-1.6984379734324588,1.0
1.172738892165778,-1.2700106640335607,1.0
1.329268934323531,-1.2922803072991829,1.0
-1.2426408863364702,1.135086413880405,1.0
1.4821869271912427,1.5841071464503862,1.0
-1.0151120052381903,-1.749297049310583,1.0
1.3976976668140542,-1.3814188665966998,1.0
1.3154388213611472,-1.1406081151511887,1.0
-1.0290221376282287,1.1942854778463803,1.0
1.2489900308553639,-1.3378155776215896,1.0
1.4675232233045143,1.461400955088393,1.0
-0.9431108243927792,1.3548042881804274,1.0
1.4591231493180699,1.5067280294387857,1.0
-0.9956156827277344,-1.443466022952386,1.0
-0.8996703507100189,-1.4604201288616192,1.0
1.4573409936873654,1.4140243763111486,1.0
